<?xml version = '1.0' encoding = 'UTF-8'?>
<Arc class="oracle.dbtools.crest.model.design.logical.Arc" directorySegmentName="seg_0" id="7760E8A8-1BFD-1F87-5F7C-3AE733367FC0" name="Arc_3">
<createdBy>Dell</createdBy>
<createdTime>2022-05-22 19:17:51 UTC</createdTime>
<ownerDesignName>Fintech_GabriellaFujita_RM95616</ownerDesignName>
<engineerTo>
<item key="B76AA786-4B40-9676-4011-CF2DA96B6A48" value="true"/>
</engineerTo>
<entity>CA391B90-9EB3-4AEA-665A-0E4BF55C4D1F</entity>
<relations>
<relationID>899E2940-9E9A-E43C-9DD8-96D36DFB617D</relationID>
<relationID>559240F1-7C2B-4E49-794B-0E0248EC0158</relationID>
</relations>
</Arc>