<?xml version = '1.0' encoding = 'UTF-8'?>
<FKArc class="oracle.dbtools.crest.model.design.relational.FKArc" directorySegmentName="seg_0" id="1AF5841C-9215-21F2-9914-45852D6ABB06" name="Arc_3">
<createdBy>Dell</createdBy>
<createdTime>2022-05-22 19:32:32 UTC</createdTime>
<ownerDesignName>Fintech_GabriellaFujita_RM95616</ownerDesignName>
<mandatory>false</mandatory>
<reverseArc>true</reverseArc>
<table>4A1C6459-BE6E-C218-CB70-191F19B2F9C4</table>
<discriminatorColumn>2AF9933E-DCBD-04D3-C777-7B7865F5087B</discriminatorColumn>
<fkeys>
<fkeyID>8C529F73-78E7-1703-B621-B95466E2D5DB</fkeyID>
<fkeyID>9C8F0937-68B9-91CE-8D2B-875176995A15</fkeyID>
</fkeys>
</FKArc>