<?xml version = '1.0' encoding = 'UTF-8'?>
<Relation class="oracle.dbtools.crest.model.design.logical.Relation" name="Relation_5" directorySegmentName="seg_0" id="144007A3-30BD-C3D6-6F68-8F741071220F">
<createdBy>Dell</createdBy>
<createdTime>2022-05-18 15:32:52 UTC</createdTime>
<ownerDesignName>Fintech_GabriellaFujita_RM95616</ownerDesignName>
<engineerTo>
<item key="B76AA786-4B40-9676-4011-CF2DA96B6A48" value="true"/>
</engineerTo>
<sourcePk>5A8ADB00-F782-ADE6-6B57-273DDF20F2DB</sourcePk>
<identifying>false</identifying>
<optionalSource>true</optionalSource>
<optionalTarget>false</optionalTarget>
<sourceCardinality>1</sourceCardinality>
<sourceEntity>CA391B90-9EB3-4AEA-665A-0E4BF55C4D1F</sourceEntity>
<targetCardinalityString>*</targetCardinalityString>
<targetEntity>EFA635E0-B6CA-62C8-8E1E-814317E5E0F8</targetEntity>
<transferable>true</transferable>
<deleteRule>NO ACTION</deleteRule>
</Relation>