<?xml version = '1.0' encoding = 'UTF-8'?>
<Relation class="oracle.dbtools.crest.model.design.logical.Relation" name="Relation_4" directorySegmentName="seg_0" id="559240F1-7C2B-4E49-794B-0E0248EC0158">
<createdBy>Dell</createdBy>
<createdTime>2022-05-18 15:31:15 UTC</createdTime>
<ownerDesignName>Fintech_GabriellaFujita_RM95616</ownerDesignName>
<engineerTo>
<item key="B76AA786-4B40-9676-4011-CF2DA96B6A48" value="true"/>
</engineerTo>
<sourcePk>5A8ADB00-F782-ADE6-6B57-273DDF20F2DB</sourcePk>
<arc>7760E8A8-1BFD-1F87-5F7C-3AE733367FC0</arc>
<identifying>true</identifying>
<optionalSource>true</optionalSource>
<optionalTarget>false</optionalTarget>
<sourceCardinality>1</sourceCardinality>
<sourceEntity>CA391B90-9EB3-4AEA-665A-0E4BF55C4D1F</sourceEntity>
<targetCardinalityString>1</targetCardinalityString>
<targetEntity>52FB500F-33B6-A15E-1732-E0438B075B59</targetEntity>
<transferable>true</transferable>
<deleteRule>NO ACTION</deleteRule>
</Relation>