<?xml version = '1.0' encoding = 'UTF-8'?>
<Relation class="oracle.dbtools.crest.model.design.logical.Relation" name="Relation_6" directorySegmentName="seg_0" id="65340309-1CC2-85FD-B47C-C79AF351EDE1">
<createdBy>Dell</createdBy>
<createdTime>2022-05-18 16:29:29 UTC</createdTime>
<ownerDesignName>Fintech_GabriellaFujita_RM95616</ownerDesignName>
<engineerTo>
<item key="B76AA786-4B40-9676-4011-CF2DA96B6A48" value="true"/>
</engineerTo>
<sourcePk>AA4890EE-9355-519E-BEF8-9E2E54C97E3A</sourcePk>
<identifying>true</identifying>
<optionalSource>true</optionalSource>
<optionalTarget>false</optionalTarget>
<sourceCardinality>1</sourceCardinality>
<sourceEntity>AB460044-BF41-D200-95CD-588AAF1ECCCB</sourceEntity>
<targetCardinalityString>*</targetCardinalityString>
<targetEntity>CA391B90-9EB3-4AEA-665A-0E4BF55C4D1F</targetEntity>
<transferable>true</transferable>
<deleteRule>NO ACTION</deleteRule>
</Relation>