<?xml version = '1.0' encoding = 'UTF-8'?>
<Relation class="oracle.dbtools.crest.model.design.logical.Relation" name="Relation_3" directorySegmentName="seg_0" id="899E2940-9E9A-E43C-9DD8-96D36DFB617D">
<createdBy>Dell</createdBy>
<createdTime>2022-05-18 15:31:02 UTC</createdTime>
<ownerDesignName>Fintech_GabriellaFujita_RM95616</ownerDesignName>
<engineerTo>
<item key="B76AA786-4B40-9676-4011-CF2DA96B6A48" value="true"/>
</engineerTo>
<sourcePk>5A8ADB00-F782-ADE6-6B57-273DDF20F2DB</sourcePk>
<arc>7760E8A8-1BFD-1F87-5F7C-3AE733367FC0</arc>
<identifying>true</identifying>
<optionalSource>true</optionalSource>
<optionalTarget>false</optionalTarget>
<sourceCardinality>1</sourceCardinality>
<sourceEntity>CA391B90-9EB3-4AEA-665A-0E4BF55C4D1F</sourceEntity>
<targetCardinalityString>1</targetCardinalityString>
<targetEntity>2E583A78-B4D7-0122-DDD7-DDF771AB6F49</targetEntity>
<transferable>true</transferable>
<deleteRule>NO ACTION</deleteRule>
</Relation>