<?xml version = '1.0' encoding = 'UTF-8'?>
<Relation class="oracle.dbtools.crest.model.design.logical.Relation" name="Relation_1" directorySegmentName="seg_0" id="A36D665C-9A6C-CC5D-2F3D-7680058EA8F5">
<createdBy>Dell</createdBy>
<createdTime>2022-05-18 15:23:20 UTC</createdTime>
<ownerDesignName>Fintech_GabriellaFujita_RM95616</ownerDesignName>
<engineerTo>
<item key="816FAC63-C50D-C9E9-BFF1-7DECD310A545" value="true"/>
</engineerTo>
<sourcePk>AA4890EE-9355-519E-BEF8-9E2E54C97E3A</sourcePk>
<identifying>true</identifying>
<optionalSource>true</optionalSource>
<optionalTarget>false</optionalTarget>
<sourceCardinality>1</sourceCardinality>
<sourceEntity>AB460044-BF41-D200-95CD-588AAF1ECCCB</sourceEntity>
<targetCardinalityString>*</targetCardinalityString>
<targetEntity>A7C83D4A-7E37-DA3D-23C7-DE0BC7EF0A8A</targetEntity>
<transferable>true</transferable>
<deleteRule>NO ACTION</deleteRule>
</Relation>