<?xml version = '1.0' encoding = 'UTF-8'?>
<Table class="oracle.dbtools.crest.model.design.relational.Table" directorySegmentName="seg_0" id="3AABBC55-C949-B25B-5404-9D37C8F8BFD0" name="T_PESSOA">
<createdBy>Dell</createdBy>
<createdTime>2022-05-22 19:32:32 UTC</createdTime>
<generatorID>AB460044-BF41-D200-95CD-588AAF1ECCCB</generatorID>
<ownerDesignName>Fintech_GabriellaFujita_RM95616</ownerDesignName>
<allowColumnReorder>false</allowColumnReorder>
<existDependencyGenerateInDDl>true</existDependencyGenerateInDDl>
<parsed>true</parsed>
<columns itemClass="oracle.dbtools.crest.model.design.relational.Column">
<Column name="cd_pessoa" id="08CB7590-965C-7607-3D17-32E50A8C3B4C">
<createdBy>Dell</createdBy>
<createdTime>2022-05-22 19:32:32 UTC</createdTime>
<generatorID>30621AE1-B32F-50CA-D329-E409C98A37B1</generatorID>
<ownerDesignName>Fintech_GabriellaFujita_RM95616</ownerDesignName>
<useDomainConstraints>false</useDomainConstraints>
<use>1</use>
<logicalDatatype>LOGDT019</logicalDatatype>
<dataTypePrecision>6</dataTypePrecision>
<ownDataTypeParameters>,6,</ownDataTypeParameters>
<autoIncrementCycle>false</autoIncrementCycle>
</Column>
<Column name="nm_pessoa" id="C714336B-8157-061B-B2AB-2337A195879F">
<createdBy>Dell</createdBy>
<createdTime>2022-05-22 19:32:32 UTC</createdTime>
<generatorID>5BD46F74-ACEA-9CC4-3056-9E4AF5A4DC32</generatorID>
<ownerDesignName>Fintech_GabriellaFujita_RM95616</ownerDesignName>
<useDomainConstraints>false</useDomainConstraints>
<use>1</use>
<logicalDatatype>LOGDT024</logicalDatatype>
<dataTypeSize>50</dataTypeSize>
<ownDataTypeParameters>50,,</ownDataTypeParameters>
<autoIncrementCycle>false</autoIncrementCycle>
</Column>
<Column name="dt_nascimento" id="0E8AE113-9A53-DDA4-52A2-1459F3B2CC60">
<createdBy>Dell</createdBy>
<createdTime>2022-05-22 19:32:32 UTC</createdTime>
<generatorID>BD0EA878-EB15-96AB-938B-F1FB8F7D864C</generatorID>
<ownerDesignName>Fintech_GabriellaFujita_RM95616</ownerDesignName>
<useDomainConstraints>false</useDomainConstraints>
<use>1</use>
<logicalDatatype>LOGDT007</logicalDatatype>
<ownDataTypeParameters>,,</ownDataTypeParameters>
<autoIncrementCycle>false</autoIncrementCycle>
</Column>
<Column name="ds_email" id="21D3A3F2-D321-F3BA-472C-6C3CD38549F1">
<createdBy>Dell</createdBy>
<createdTime>2022-05-22 19:32:32 UTC</createdTime>
<generatorID>488D3F7C-27A1-C6F4-8B90-ADE0916BE4A3</generatorID>
<ownerDesignName>Fintech_GabriellaFujita_RM95616</ownerDesignName>
<useDomainConstraints>false</useDomainConstraints>
<use>1</use>
<logicalDatatype>LOGDT024</logicalDatatype>
<dataTypeSize>40</dataTypeSize>
<ownDataTypeParameters>40,,</ownDataTypeParameters>
<autoIncrementCycle>false</autoIncrementCycle>
</Column>
</columns>
<indexes itemClass="oracle.dbtools.crest.model.design.relational.Index">
<ind_PK_UK id="A1F6899D-8E21-5AB4-CD26-5C7F4B41FB69" name="T_PESSOA_PK">
<createdBy>Dell</createdBy>
<createdTime>2022-05-22 19:32:32 UTC</createdTime>
<generatorID>AA4890EE-9355-519E-BEF8-9E2E54C97E3A</generatorID>
<ownerDesignName>Fintech_GabriellaFujita_RM95616</ownerDesignName>
<pk>true</pk>
<indexState>Primary Constraint</indexState>
<isSurrogateKey>false</isSurrogateKey>
<indexColumnUsage>
<colUsage columnID="08CB7590-965C-7607-3D17-32E50A8C3B4C"/>
</indexColumnUsage>
</ind_PK_UK>
</indexes>
</Table>