<?xml version = '1.0' encoding = 'UTF-8'?>
<Table class="oracle.dbtools.crest.model.design.relational.Table" directorySegmentName="seg_0" id="93796C74-37BD-B06C-0266-66E74619279A" name="T_GASTO">
<createdBy>Dell</createdBy>
<createdTime>2022-05-22 19:32:32 UTC</createdTime>
<generatorID>52FB500F-33B6-A15E-1732-E0438B075B59</generatorID>
<ownerDesignName>Fintech_GabriellaFujita_RM95616</ownerDesignName>
<allowColumnReorder>false</allowColumnReorder>
<existDependencyGenerateInDDl>true</existDependencyGenerateInDDl>
<parsed>true</parsed>
<columns itemClass="oracle.dbtools.crest.model.design.relational.Column">
<Column name="T_CONTA_cd_conta" id="F14394A9-DAAC-C4F9-AE35-B03A81C449B4">
<createdBy>Dell</createdBy>
<createdTime>2022-05-22 19:32:32 UTC</createdTime>
<generatorID>72F03442-EF58-BDD0-4ABF-A6E8C23F8D1D</generatorID>
<ownerDesignName>Fintech_GabriellaFujita_RM95616</ownerDesignName>
<useDomainConstraints>false</useDomainConstraints>
<use>1</use>
<logicalDatatype>LOGDT019</logicalDatatype>
<dataTypePrecision>9</dataTypePrecision>
<ownDataTypeParameters>,,</ownDataTypeParameters>
<previousColumn>false</previousColumn>
<autoIncrementCycle>false</autoIncrementCycle>
<associations>
<colAssociation fkAssociation="9C8F0937-68B9-91CE-8D2B-875176995A15" referredColumn="9E93972E-1A17-A428-D3B5-3F199E268229"/>
</associations>
</Column>
<Column name="T_CONTA_cd_pessoa" id="3BD4AE9C-A8C6-090A-464B-ABFF4D612F70">
<createdBy>Dell</createdBy>
<createdTime>2022-05-22 19:32:32 UTC</createdTime>
<generatorID>7D951F55-0AFC-51AB-9A3A-FC3CA6BAAAFB</generatorID>
<ownerDesignName>Fintech_GabriellaFujita_RM95616</ownerDesignName>
<useDomainConstraints>false</useDomainConstraints>
<use>1</use>
<logicalDatatype>LOGDT019</logicalDatatype>
<dataTypePrecision>6</dataTypePrecision>
<ownDataTypeParameters>,,</ownDataTypeParameters>
<previousColumn>false</previousColumn>
<autoIncrementCycle>false</autoIncrementCycle>
<associations>
<colAssociation fkAssociation="9C8F0937-68B9-91CE-8D2B-875176995A15" referredColumn="A92F70E8-CBBA-0FA2-FD9C-B2D552130C3C"/>
</associations>
</Column>
<Column name="vl_gasto_saldo" id="C33DDF14-DD6C-C2B3-5B07-58BE431BCDAF">
<createdBy>Dell</createdBy>
<createdTime>2022-05-22 19:32:32 UTC</createdTime>
<generatorID>E95B7A47-FB1B-450D-D5C9-D7E9576009CD</generatorID>
<ownerDesignName>Fintech_GabriellaFujita_RM95616</ownerDesignName>
<useDomainConstraints>false</useDomainConstraints>
<use>1</use>
<logicalDatatype>LOGDT019</logicalDatatype>
<dataTypePrecision>11</dataTypePrecision>
<dataTypeScale>2</dataTypeScale>
<ownDataTypeParameters>,11,2</ownDataTypeParameters>
<autoIncrementCycle>false</autoIncrementCycle>
</Column>
<Column name="vl_gasto_meta" id="D6AD95D5-5CCC-CE68-F7E4-1B2B809E9AFE">
<createdBy>Dell</createdBy>
<createdTime>2022-05-22 19:32:32 UTC</createdTime>
<generatorID>76C05A56-AF18-D961-1B17-42D929E6C8BB</generatorID>
<ownerDesignName>Fintech_GabriellaFujita_RM95616</ownerDesignName>
<nullsAllowed>true</nullsAllowed>
<useDomainConstraints>false</useDomainConstraints>
<use>1</use>
<logicalDatatype>LOGDT019</logicalDatatype>
<dataTypePrecision>11</dataTypePrecision>
<dataTypeScale>2</dataTypeScale>
<ownDataTypeParameters>,11,2</ownDataTypeParameters>
<autoIncrementCycle>false</autoIncrementCycle>
</Column>
</columns>
<indexes itemClass="oracle.dbtools.crest.model.design.relational.Index">
<ind_PK_UK id="16284004-4D9F-C4F3-809F-6CCAB8D6116F" name="T_GASTO_PK">
<createdBy>Dell</createdBy>
<createdTime>2022-05-22 19:32:32 UTC</createdTime>
<generatorID>4556E794-8514-D8BB-7267-2035D77CAD0D</generatorID>
<ownerDesignName>Fintech_GabriellaFujita_RM95616</ownerDesignName>
<pk>true</pk>
<indexState>Primary Constraint</indexState>
<isSurrogateKey>false</isSurrogateKey>
<indexColumnUsage>
<colUsage columnID="F14394A9-DAAC-C4F9-AE35-B03A81C449B4"/>
<colUsage columnID="3BD4AE9C-A8C6-090A-464B-ABFF4D612F70"/>
</indexColumnUsage>
</ind_PK_UK>
<ind_PK_UK id="58319500-1A0C-23EC-D38F-1E0791B6A3A7" name="T_GASTO_T_CONTA_FK">
<createdBy>Dell</createdBy>
<createdTime>2022-05-22 19:32:32 UTC</createdTime>
<generatorID>559240F1-7C2B-4E49-794B-0E0248EC0158</generatorID>
<ownerDesignName>Fintech_GabriellaFujita_RM95616</ownerDesignName>
<indexState>Foreign Key</indexState>
<isSurrogateKey>false</isSurrogateKey>
<indexColumnUsage>
<colUsage columnID="F14394A9-DAAC-C4F9-AE35-B03A81C449B4"/>
<colUsage columnID="3BD4AE9C-A8C6-090A-464B-ABFF4D612F70"/>
</indexColumnUsage>
</ind_PK_UK>
</indexes>
</Table>