<?xml version = '1.0' encoding = 'UTF-8'?>
<Table class="oracle.dbtools.crest.model.design.relational.Table" directorySegmentName="seg_0" id="D3E2868C-CB36-D4EB-6C54-32811ECFF188" name="T_RECEITA">
<createdBy>Dell</createdBy>
<createdTime>2022-05-22 19:32:32 UTC</createdTime>
<generatorID>2E583A78-B4D7-0122-DDD7-DDF771AB6F49</generatorID>
<ownerDesignName>Fintech_GabriellaFujita_RM95616</ownerDesignName>
<allowColumnReorder>false</allowColumnReorder>
<existDependencyGenerateInDDl>true</existDependencyGenerateInDDl>
<parsed>true</parsed>
<columns itemClass="oracle.dbtools.crest.model.design.relational.Column">
<Column name="T_CONTA_cd_conta" id="5BD8C33E-E1A9-EBE1-146B-E74F718DCF49">
<createdBy>Dell</createdBy>
<createdTime>2022-05-22 19:32:32 UTC</createdTime>
<generatorID>578A512B-081A-03B6-FA5D-D3BA12F79AAC</generatorID>
<ownerDesignName>Fintech_GabriellaFujita_RM95616</ownerDesignName>
<useDomainConstraints>false</useDomainConstraints>
<use>1</use>
<logicalDatatype>LOGDT019</logicalDatatype>
<dataTypePrecision>9</dataTypePrecision>
<ownDataTypeParameters>,,</ownDataTypeParameters>
<previousColumn>false</previousColumn>
<autoIncrementCycle>false</autoIncrementCycle>
<associations>
<colAssociation fkAssociation="8C529F73-78E7-1703-B621-B95466E2D5DB" referredColumn="9E93972E-1A17-A428-D3B5-3F199E268229"/>
</associations>
</Column>
<Column name="T_CONTA_cd_pessoa" id="25728BD5-C035-CB45-FF40-73E90BB0E199">
<createdBy>Dell</createdBy>
<createdTime>2022-05-22 19:32:32 UTC</createdTime>
<generatorID>848ADC16-C8AE-9266-F7C5-3B0DA434E402</generatorID>
<ownerDesignName>Fintech_GabriellaFujita_RM95616</ownerDesignName>
<useDomainConstraints>false</useDomainConstraints>
<use>1</use>
<logicalDatatype>LOGDT019</logicalDatatype>
<dataTypePrecision>6</dataTypePrecision>
<ownDataTypeParameters>,,</ownDataTypeParameters>
<previousColumn>false</previousColumn>
<autoIncrementCycle>false</autoIncrementCycle>
<associations>
<colAssociation fkAssociation="8C529F73-78E7-1703-B621-B95466E2D5DB" referredColumn="A92F70E8-CBBA-0FA2-FD9C-B2D552130C3C"/>
</associations>
</Column>
<Column name="vl_receita_saldo" id="26209B99-E411-0607-70F3-9E32D26E1620">
<createdBy>Dell</createdBy>
<createdTime>2022-05-22 19:32:32 UTC</createdTime>
<generatorID>411F6F93-4B25-A5DC-AEBC-5ED82EF55C11</generatorID>
<ownerDesignName>Fintech_GabriellaFujita_RM95616</ownerDesignName>
<useDomainConstraints>false</useDomainConstraints>
<use>1</use>
<logicalDatatype>LOGDT019</logicalDatatype>
<dataTypePrecision>11</dataTypePrecision>
<dataTypeScale>2</dataTypeScale>
<ownDataTypeParameters>,11,2</ownDataTypeParameters>
<autoIncrementCycle>false</autoIncrementCycle>
</Column>
<Column name="vl_receita_meta" id="5903729E-4428-585B-76AB-BB22D46AEC33">
<createdBy>Dell</createdBy>
<createdTime>2022-05-22 19:32:32 UTC</createdTime>
<generatorID>DEA0914E-5ECE-B8FC-B0CA-3A564FB3EF09</generatorID>
<ownerDesignName>Fintech_GabriellaFujita_RM95616</ownerDesignName>
<nullsAllowed>true</nullsAllowed>
<useDomainConstraints>false</useDomainConstraints>
<use>1</use>
<logicalDatatype>LOGDT019</logicalDatatype>
<dataTypePrecision>11</dataTypePrecision>
<dataTypeScale>2</dataTypeScale>
<ownDataTypeParameters>,11,2</ownDataTypeParameters>
<autoIncrementCycle>false</autoIncrementCycle>
</Column>
</columns>
<indexes itemClass="oracle.dbtools.crest.model.design.relational.Index">
<ind_PK_UK id="0DC4AD05-780F-1DDE-F655-252A7FD6BA3A" name="T_RECEITA_PK">
<createdBy>Dell</createdBy>
<createdTime>2022-05-22 19:32:32 UTC</createdTime>
<generatorID>0F98008D-78E7-5AF4-4B1C-9A2BD8EDBF79</generatorID>
<ownerDesignName>Fintech_GabriellaFujita_RM95616</ownerDesignName>
<pk>true</pk>
<indexState>Primary Constraint</indexState>
<isSurrogateKey>false</isSurrogateKey>
<indexColumnUsage>
<colUsage columnID="25728BD5-C035-CB45-FF40-73E90BB0E199"/>
<colUsage columnID="5BD8C33E-E1A9-EBE1-146B-E74F718DCF49"/>
</indexColumnUsage>
</ind_PK_UK>
<ind_PK_UK id="F2606A36-E129-B3F7-297F-43AE3AF0D36C" name="T_RECEITA_T_CONTA_FK">
<createdBy>Dell</createdBy>
<createdTime>2022-05-22 19:32:32 UTC</createdTime>
<generatorID>899E2940-9E9A-E43C-9DD8-96D36DFB617D</generatorID>
<ownerDesignName>Fintech_GabriellaFujita_RM95616</ownerDesignName>
<indexState>Foreign Key</indexState>
<isSurrogateKey>false</isSurrogateKey>
<indexColumnUsage>
<colUsage columnID="5BD8C33E-E1A9-EBE1-146B-E74F718DCF49"/>
<colUsage columnID="25728BD5-C035-CB45-FF40-73E90BB0E199"/>
</indexColumnUsage>
</ind_PK_UK>
</indexes>
</Table>