<?xml version = '1.0' encoding = 'UTF-8'?>
<Table class="oracle.dbtools.crest.model.design.relational.Table" directorySegmentName="seg_0" id="DE15F5DA-BC8B-3FBF-E476-12CB0316580D" name="T_META_MES">
<createdBy>Dell</createdBy>
<createdTime>2022-05-22 19:32:32 UTC</createdTime>
<generatorID>A7C83D4A-7E37-DA3D-23C7-DE0BC7EF0A8A</generatorID>
<ownerDesignName>Fintech_GabriellaFujita_RM95616</ownerDesignName>
<allowColumnReorder>false</allowColumnReorder>
<existDependencyGenerateInDDl>true</existDependencyGenerateInDDl>
<parsed>true</parsed>
<columns itemClass="oracle.dbtools.crest.model.design.relational.Column">
<Column name="cd_meta" id="3FB37461-B3BB-B709-1CAB-92DA6B1449D4">
<createdBy>Dell</createdBy>
<createdTime>2022-05-22 19:32:32 UTC</createdTime>
<generatorID>912B691A-9590-59FF-C5DB-CA58524543D6</generatorID>
<ownerDesignName>Fintech_GabriellaFujita_RM95616</ownerDesignName>
<useDomainConstraints>false</useDomainConstraints>
<use>1</use>
<logicalDatatype>LOGDT019</logicalDatatype>
<dataTypePrecision>2</dataTypePrecision>
<ownDataTypeParameters>,2,</ownDataTypeParameters>
<autoIncrementCycle>false</autoIncrementCycle>
</Column>
<Column name="T_PESSOA_cd_pessoa" id="4DD77728-5EB3-E66C-E7EC-DE23A8DAC01E">
<createdBy>Dell</createdBy>
<createdTime>2022-05-22 19:32:32 UTC</createdTime>
<generatorID>8A85923C-CD91-B9EB-BE29-1658D0630FC7</generatorID>
<ownerDesignName>Fintech_GabriellaFujita_RM95616</ownerDesignName>
<useDomainConstraints>false</useDomainConstraints>
<use>1</use>
<logicalDatatype>LOGDT019</logicalDatatype>
<dataTypePrecision>6</dataTypePrecision>
<ownDataTypeParameters>,,</ownDataTypeParameters>
<previousColumn>false</previousColumn>
<autoIncrementCycle>false</autoIncrementCycle>
<associations>
<colAssociation fkAssociation="82F6CAB7-A372-AE5C-C89C-A422F37E1FF1" referredColumn="08CB7590-965C-7607-3D17-32E50A8C3B4C"/>
</associations>
</Column>
<Column name="dt_meta_criacao" id="B477B570-FA1F-D7EB-76C7-83BE97141F6B">
<createdBy>Dell</createdBy>
<createdTime>2022-05-22 19:32:32 UTC</createdTime>
<generatorID>E0D6A620-B990-4983-6669-7E5904A1C56C</generatorID>
<ownerDesignName>Fintech_GabriellaFujita_RM95616</ownerDesignName>
<useDomainConstraints>false</useDomainConstraints>
<use>1</use>
<logicalDatatype>LOGDT007</logicalDatatype>
<ownDataTypeParameters>,,</ownDataTypeParameters>
<autoIncrementCycle>false</autoIncrementCycle>
</Column>
<Column name="dt_meta_final" id="E12DED6B-113B-4C5D-6BC1-247BB274B9E2">
<createdBy>Dell</createdBy>
<createdTime>2022-05-22 19:32:32 UTC</createdTime>
<generatorID>862D112B-97DC-4997-EF34-E0E23B9EF59A</generatorID>
<ownerDesignName>Fintech_GabriellaFujita_RM95616</ownerDesignName>
<useDomainConstraints>false</useDomainConstraints>
<use>1</use>
<logicalDatatype>LOGDT007</logicalDatatype>
<ownDataTypeParameters>,,</ownDataTypeParameters>
<autoIncrementCycle>false</autoIncrementCycle>
</Column>
<Column name="vl_meta" id="523AF247-2081-9786-58A9-4729B65FB88F">
<createdBy>Dell</createdBy>
<createdTime>2022-05-22 19:32:32 UTC</createdTime>
<generatorID>67466C8B-9E4C-EBB8-F634-100296B84A85</generatorID>
<ownerDesignName>Fintech_GabriellaFujita_RM95616</ownerDesignName>
<useDomainConstraints>false</useDomainConstraints>
<use>1</use>
<logicalDatatype>LOGDT019</logicalDatatype>
<dataTypePrecision>11</dataTypePrecision>
<dataTypeScale>2</dataTypeScale>
<ownDataTypeParameters>,11,2</ownDataTypeParameters>
<autoIncrementCycle>false</autoIncrementCycle>
</Column>
</columns>
<indexes itemClass="oracle.dbtools.crest.model.design.relational.Index">
<ind_PK_UK id="8EA7681C-8278-A1EF-962B-A6C102AA3D95" name="T_META_MES_PK">
<createdBy>Dell</createdBy>
<createdTime>2022-05-22 19:32:32 UTC</createdTime>
<generatorID>5EF63D24-3A65-C4F7-86C5-8B84A92346C2</generatorID>
<ownerDesignName>Fintech_GabriellaFujita_RM95616</ownerDesignName>
<pk>true</pk>
<indexState>Primary Constraint</indexState>
<isSurrogateKey>false</isSurrogateKey>
<indexColumnUsage>
<colUsage columnID="3FB37461-B3BB-B709-1CAB-92DA6B1449D4"/>
<colUsage columnID="4DD77728-5EB3-E66C-E7EC-DE23A8DAC01E"/>
</indexColumnUsage>
</ind_PK_UK>
<ind_PK_UK id="2FA59230-B0F2-7EE9-FE0B-62A7D19AD2B1" name="T_META_MES_T_PESSOA_FK">
<createdBy>Dell</createdBy>
<createdTime>2022-05-22 19:32:32 UTC</createdTime>
<generatorID>A36D665C-9A6C-CC5D-2F3D-7680058EA8F5</generatorID>
<ownerDesignName>Fintech_GabriellaFujita_RM95616</ownerDesignName>
<indexState>Foreign Key</indexState>
<isSurrogateKey>false</isSurrogateKey>
<indexColumnUsage>
<colUsage columnID="4DD77728-5EB3-E66C-E7EC-DE23A8DAC01E"/>
</indexColumnUsage>
</ind_PK_UK>
</indexes>
</Table>