<?xml version = '1.0' encoding = 'UTF-8'?>
<Table class="oracle.dbtools.crest.model.design.relational.Table" directorySegmentName="seg_0" id="F181484D-7707-6A53-FCC8-758A604992FE" name="T_TRANSACAO">
<createdBy>Dell</createdBy>
<createdTime>2022-05-22 19:32:32 UTC</createdTime>
<generatorID>EFA635E0-B6CA-62C8-8E1E-814317E5E0F8</generatorID>
<ownerDesignName>Fintech_GabriellaFujita_RM95616</ownerDesignName>
<allowColumnReorder>false</allowColumnReorder>
<existDependencyGenerateInDDl>true</existDependencyGenerateInDDl>
<parsed>true</parsed>
<columns itemClass="oracle.dbtools.crest.model.design.relational.Column">
<Column name="cd_transacao" id="ABDEB16D-B9B7-D2E2-5F86-823F0C60E7ED">
<createdBy>Dell</createdBy>
<createdTime>2022-05-22 19:32:32 UTC</createdTime>
<generatorID>8480059B-5B53-FF64-8C0A-63D6D918F741</generatorID>
<ownerDesignName>Fintech_GabriellaFujita_RM95616</ownerDesignName>
<useDomainConstraints>false</useDomainConstraints>
<use>1</use>
<logicalDatatype>LOGDT019</logicalDatatype>
<dataTypePrecision>11</dataTypePrecision>
<ownDataTypeParameters>,11,</ownDataTypeParameters>
<autoIncrementCycle>false</autoIncrementCycle>
</Column>
<Column name="T_CONTA_cd_conta" id="B14AED9C-C2DC-7B16-F427-41E6E64C9E5B">
<createdBy>Dell</createdBy>
<createdTime>2022-05-22 19:32:32 UTC</createdTime>
<generatorID>DCC2CA60-CC66-C129-66D3-4C9B1279AC10</generatorID>
<ownerDesignName>Fintech_GabriellaFujita_RM95616</ownerDesignName>
<useDomainConstraints>false</useDomainConstraints>
<use>1</use>
<logicalDatatype>LOGDT019</logicalDatatype>
<dataTypePrecision>9</dataTypePrecision>
<ownDataTypeParameters>,,</ownDataTypeParameters>
<previousColumn>false</previousColumn>
<autoIncrementCycle>false</autoIncrementCycle>
<associations>
<colAssociation fkAssociation="0DF8C461-6A9B-D8C9-D049-AADBF1BAB126" referredColumn="9E93972E-1A17-A428-D3B5-3F199E268229"/>
</associations>
</Column>
<Column name="T_CONTA_cd_pessoa" id="92B80040-22F9-5DD1-6297-7063EC125266">
<createdBy>Dell</createdBy>
<createdTime>2022-05-22 19:32:32 UTC</createdTime>
<generatorID>E7D27E8F-F395-E4B8-CD6B-A628C4E602E6</generatorID>
<ownerDesignName>Fintech_GabriellaFujita_RM95616</ownerDesignName>
<useDomainConstraints>false</useDomainConstraints>
<use>1</use>
<logicalDatatype>LOGDT019</logicalDatatype>
<dataTypePrecision>6</dataTypePrecision>
<ownDataTypeParameters>,,</ownDataTypeParameters>
<previousColumn>false</previousColumn>
<autoIncrementCycle>false</autoIncrementCycle>
<associations>
<colAssociation fkAssociation="0DF8C461-6A9B-D8C9-D049-AADBF1BAB126" referredColumn="A92F70E8-CBBA-0FA2-FD9C-B2D552130C3C"/>
</associations>
</Column>
<Column name="vl_transacao" id="EB299ED3-4901-689F-0E55-8C6E7BDBABF6">
<createdBy>Dell</createdBy>
<createdTime>2022-05-22 19:32:32 UTC</createdTime>
<generatorID>C6741493-42AC-46D0-6459-36D17574B71A</generatorID>
<ownerDesignName>Fintech_GabriellaFujita_RM95616</ownerDesignName>
<useDomainConstraints>false</useDomainConstraints>
<use>1</use>
<logicalDatatype>LOGDT019</logicalDatatype>
<dataTypePrecision>6</dataTypePrecision>
<dataTypeScale>2</dataTypeScale>
<ownDataTypeParameters>,6,2</ownDataTypeParameters>
<autoIncrementCycle>false</autoIncrementCycle>
</Column>
<Column name="dt_transacao" id="568CB3B3-1676-62B6-F870-7632E13140C7">
<createdBy>Dell</createdBy>
<createdTime>2022-05-22 19:32:32 UTC</createdTime>
<generatorID>232DACF7-6F9E-448C-6B3D-BC6634D82A16</generatorID>
<ownerDesignName>Fintech_GabriellaFujita_RM95616</ownerDesignName>
<useDomainConstraints>false</useDomainConstraints>
<use>1</use>
<logicalDatatype>LOGDT008</logicalDatatype>
<ownDataTypeParameters>,,</ownDataTypeParameters>
<autoIncrementCycle>false</autoIncrementCycle>
</Column>
</columns>
<indexes itemClass="oracle.dbtools.crest.model.design.relational.Index">
<ind_PK_UK id="A6350EDF-4D57-6F28-EBF5-41FB02B17A87" name="T_TRANSACAO_PK">
<createdBy>Dell</createdBy>
<createdTime>2022-05-22 19:32:32 UTC</createdTime>
<generatorID>83843FD3-853C-4411-117B-5A99BEA2524F</generatorID>
<ownerDesignName>Fintech_GabriellaFujita_RM95616</ownerDesignName>
<pk>true</pk>
<indexState>Primary Constraint</indexState>
<isSurrogateKey>false</isSurrogateKey>
<indexColumnUsage>
<colUsage columnID="ABDEB16D-B9B7-D2E2-5F86-823F0C60E7ED"/>
</indexColumnUsage>
</ind_PK_UK>
<ind_PK_UK id="FCD5AD33-3050-35AC-3CE2-0B1DEF270C72" name="T_TRANSACAO_T_CONTA_FK">
<createdBy>Dell</createdBy>
<createdTime>2022-05-22 19:32:32 UTC</createdTime>
<generatorID>144007A3-30BD-C3D6-6F68-8F741071220F</generatorID>
<ownerDesignName>Fintech_GabriellaFujita_RM95616</ownerDesignName>
<indexState>Foreign Key</indexState>
<isSurrogateKey>false</isSurrogateKey>
<indexColumnUsage>
<colUsage columnID="B14AED9C-C2DC-7B16-F427-41E6E64C9E5B"/>
<colUsage columnID="92B80040-22F9-5DD1-6297-7063EC125266"/>
</indexColumnUsage>
</ind_PK_UK>
</indexes>
</Table>