<?xml version = '1.0' encoding = 'UTF-8'?>
<Diagram class="oracle.dbtools.crest.swingui.logical.DPVLogical" name="Logical" id="34B3BF60-5D51-1ACA-E71C-CDBDE0296377">
<createdBy>Dell</createdBy>
<modifiedBy>Dell</modifiedBy>
<createdTime>2022-05-18 14:54:08 UTC</createdTime>
<autoRoute>false</autoRoute>
<boxInbox>true</boxInbox>
<showLegend>false</showLegend>
<showLabels>false</showLabels>
<showRelAttributes>false</showRelAttributes>
<gridEnabled>false</gridEnabled>
<showGrid>false</showGrid>
<diagramColor>-1</diagramColor>
<display>false</display>
<notation>2</notation>
<objectViews>
<OView class="oracle.dbtools.crest.swingui.logical.TVEntity" oid="2E583A78-B4D7-0122-DDD7-DDF771AB6F49" otype="Entity" vid="3E3E0AD3-275F-1BDC-2DEC-5EC2D5223224">
<hideElementsInCurrentOnly>false</hideElementsInCurrentOnly>
<bounds x="364" y="344" width="218" height="111"/>
</OView>
<OView class="oracle.dbtools.crest.swingui.logical.TVEntity" oid="52FB500F-33B6-A15E-1732-E0438B075B59" otype="Entity" vid="F6939232-A4C0-E7C8-5404-D08F582D02B4">
<hideElementsInCurrentOnly>false</hideElementsInCurrentOnly>
<bounds x="680" y="350" width="226" height="106"/>
</OView>
<OView class="oracle.dbtools.crest.swingui.logical.TVEntity" oid="A7C83D4A-7E37-DA3D-23C7-DE0BC7EF0A8A" otype="Entity" vid="8D3F74F9-ED41-2E67-81FA-4FA01ADA3AD0">
<hideElementsInCurrentOnly>false</hideElementsInCurrentOnly>
<bounds x="50" y="341" width="235" height="121"/>
</OView>
<OView class="oracle.dbtools.crest.swingui.logical.TVEntity" oid="AB460044-BF41-D200-95CD-588AAF1ECCCB" otype="Entity" vid="828D49C1-4F00-6C5B-2D7B-340E9B7AE8BF">
<hideElementsInCurrentOnly>false</hideElementsInCurrentOnly>
<bounds x="65" y="93" width="208" height="119"/>
</OView>
<OView class="oracle.dbtools.crest.swingui.logical.TVEntity" oid="CA391B90-9EB3-4AEA-665A-0E4BF55C4D1F" otype="Entity" vid="FF1F8E60-8CC1-343D-198A-CB8304B6C8CE">
<hideElementsInCurrentOnly>false</hideElementsInCurrentOnly>
<bounds x="554" y="93" width="204" height="111"/>
</OView>
<OView class="oracle.dbtools.crest.swingui.logical.TVEntity" oid="EFA635E0-B6CA-62C8-8E1E-814317E5E0F8" otype="Entity" vid="D3966965-9F9F-9A7B-27B0-F4C02E939DE8">
<hideElementsInCurrentOnly>false</hideElementsInCurrentOnly>
<bounds x="1028" y="98" width="220" height="122"/>
</OView>
</objectViews>
<connectors>
<Connector class="oracle.dbtools.crest.swingui.logical.TVRelation" oid="144007A3-30BD-C3D6-6F68-8F741071220F" otype="Relation" vid_source="FF1F8E60-8CC1-343D-198A-CB8304B6C8CE" vid_target="D3966965-9F9F-9A7B-27B0-F4C02E939DE8">
<hideElementsInCurrentOnly>false</hideElementsInCurrentOnly>
<backgroundColor>-16777216</backgroundColor>
<lineWidth>1</lineWidth>
<points>
<point x="758" y="151"/>
<point x="1028" y="151"/>
</points>
</Connector>
<Connector class="oracle.dbtools.crest.swingui.logical.TVRelation" oid="559240F1-7C2B-4E49-794B-0E0248EC0158" otype="Relation" vid_source="FF1F8E60-8CC1-343D-198A-CB8304B6C8CE" vid_target="F6939232-A4C0-E7C8-5404-D08F582D02B4">
<hideElementsInCurrentOnly>false</hideElementsInCurrentOnly>
<backgroundColor>-16777216</backgroundColor>
<lineWidth>1</lineWidth>
<points>
<point x="719" y="204"/>
<point x="719" y="350"/>
</points>
</Connector>
<Connector class="oracle.dbtools.crest.swingui.logical.TVRelation" oid="65340309-1CC2-85FD-B47C-C79AF351EDE1" otype="Relation" vid_source="828D49C1-4F00-6C5B-2D7B-340E9B7AE8BF" vid_target="FF1F8E60-8CC1-343D-198A-CB8304B6C8CE">
<hideElementsInCurrentOnly>false</hideElementsInCurrentOnly>
<backgroundColor>-16777216</backgroundColor>
<lineWidth>1</lineWidth>
<points>
<point x="273" y="148"/>
<point x="554" y="148"/>
</points>
</Connector>
<Connector class="oracle.dbtools.crest.swingui.logical.TVRelation" oid="899E2940-9E9A-E43C-9DD8-96D36DFB617D" otype="Relation" vid_source="FF1F8E60-8CC1-343D-198A-CB8304B6C8CE" vid_target="3E3E0AD3-275F-1BDC-2DEC-5EC2D5223224">
<hideElementsInCurrentOnly>false</hideElementsInCurrentOnly>
<backgroundColor>-16777216</backgroundColor>
<lineWidth>1</lineWidth>
<points>
<point x="568" y="204"/>
<point x="568" y="344"/>
</points>
</Connector>
<Connector class="oracle.dbtools.crest.swingui.logical.TVRelation" oid="A36D665C-9A6C-CC5D-2F3D-7680058EA8F5" otype="Relation" vid_source="828D49C1-4F00-6C5B-2D7B-340E9B7AE8BF" vid_target="8D3F74F9-ED41-2E67-81FA-4FA01ADA3AD0">
<hideElementsInCurrentOnly>false</hideElementsInCurrentOnly>
<backgroundColor>-16777216</backgroundColor>
<lineWidth>1</lineWidth>
<points>
<point x="169" y="212"/>
<point x="169" y="341"/>
</points>
</Connector>
</connectors>
<arcs>
<Arc class="oracle.dbtools.crest.swingui.logical.TVArc" oid="7760E8A8-1BFD-1F87-5F7C-3AE733367FC0" otype="Arc" vid="705739B6-D2E9-678E-FD6F-7EC52A09B632">
<hideElementsInCurrentOnly>false</hideElementsInCurrentOnly>
<bounds x="534" y="73" width="244" height="151"/>
</Arc>
</arcs>
</Diagram>