<?xml version = '1.0' encoding = 'UTF-8'?>
<Entity class="oracle.dbtools.crest.model.design.logical.Entity" directorySegmentName="seg_0" id="2E583A78-B4D7-0122-DDD7-DDF771AB6F49" name="T_RECEITA">
<createdBy>Dell</createdBy>
<createdTime>2022-05-18 15:07:09 UTC</createdTime>
<ownerDesignName>Fintech_GabriellaFujita_RM95616</ownerDesignName>
<engineerTo>
<item key="B76AA786-4B40-9676-4011-CF2DA96B6A48" value="true"/>
</engineerTo>
<adequatelyNormalized>NO</adequatelyNormalized>
<expectedVolumes>0</expectedVolumes>
<fwdEngineeringStrategyName>Single Table</fwdEngineeringStrategyName>
<growthPercent>0</growthPercent>
<growthType>Year</growthType>
<maxVolumes>9999999</maxVolumes>
<minVolumes>0</minVolumes>
<normalForm>Third</normalForm>
<attributes itemClass="oracle.dbtools.crest.model.design.logical.Attribute">
<Attribute name="cd_conta" id="578A512B-081A-03B6-FA5D-D3BA12F79AAC">
<createdBy>Dell</createdBy>
<createdTime>2022-05-18 15:31:02 UTC</createdTime>
<generatorID>899E2940-9E9A-E43C-9DD8-96D36DFB617D</generatorID>
<ownerDesignName>Fintech_GabriellaFujita_RM95616</ownerDesignName>
<engineerTo>
<item key="B76AA786-4B40-9676-4011-CF2DA96B6A48" value="true"/>
</engineerTo>
<referedAttribute>C47E4945-7E4A-6CBA-1B6D-1E575E918607</referedAttribute>
<useDomainConstraints>false</useDomainConstraints>
<use>1</use>
<logicalDatatype>LOGDT019</logicalDatatype>
<dataTypePrecision>9</dataTypePrecision>
<ownDataTypeParameters>,,</ownDataTypeParameters>
</Attribute>
<Attribute name="cd_pessoa" id="848ADC16-C8AE-9266-F7C5-3B0DA434E402">
<createdBy>Dell</createdBy>
<createdTime>2022-05-22 19:13:33 UTC</createdTime>
<generatorID>899E2940-9E9A-E43C-9DD8-96D36DFB617D</generatorID>
<ownerDesignName>Fintech_GabriellaFujita_RM95616</ownerDesignName>
<engineerTo>
<item key="B76AA786-4B40-9676-4011-CF2DA96B6A48" value="true"/>
</engineerTo>
<referedAttribute>6EF5C0B6-B26B-6E5B-9129-E7D2798A887B</referedAttribute>
<useDomainConstraints>false</useDomainConstraints>
<use>1</use>
<logicalDatatype>LOGDT019</logicalDatatype>
<dataTypePrecision>6</dataTypePrecision>
<ownDataTypeParameters>,,</ownDataTypeParameters>
</Attribute>
<Attribute name="vl_receita_saldo" id="411F6F93-4B25-A5DC-AEBC-5ED82EF55C11">
<createdBy>Dell</createdBy>
<createdTime>2022-05-18 15:08:11 UTC</createdTime>
<ownerDesignName>Fintech_GabriellaFujita_RM95616</ownerDesignName>
<engineerTo>
<item key="B76AA786-4B40-9676-4011-CF2DA96B6A48" value="true"/>
</engineerTo>
<useDomainConstraints>false</useDomainConstraints>
<use>1</use>
<logicalDatatype>LOGDT019</logicalDatatype>
<dataTypePrecision>11</dataTypePrecision>
<dataTypeScale>2</dataTypeScale>
<ownDataTypeParameters>,11,2</ownDataTypeParameters>
</Attribute>
<Attribute name="vl_receita_meta" id="DEA0914E-5ECE-B8FC-B0CA-3A564FB3EF09">
<createdBy>Dell</createdBy>
<createdTime>2022-05-18 15:09:41 UTC</createdTime>
<ownerDesignName>Fintech_GabriellaFujita_RM95616</ownerDesignName>
<engineerTo>
<item key="B76AA786-4B40-9676-4011-CF2DA96B6A48" value="true"/>
</engineerTo>
<nullsAllowed>true</nullsAllowed>
<useDomainConstraints>false</useDomainConstraints>
<use>1</use>
<logicalDatatype>LOGDT019</logicalDatatype>
<dataTypePrecision>11</dataTypePrecision>
<dataTypeScale>2</dataTypeScale>
<ownDataTypeParameters>,11,2</ownDataTypeParameters>
</Attribute>
</attributes>
<identifiers itemClass="oracle.dbtools.crest.model.design.logical.CandidateKey">
<identifier id="0F98008D-78E7-5AF4-4B1C-9A2BD8EDBF79" name="T_RECEITA PK">
<createdBy>Dell</createdBy>
<createdTime>2022-05-18 15:07:36 UTC</createdTime>
<ownerDesignName>Fintech_GabriellaFujita_RM95616</ownerDesignName>
<engineerTo>
<item key="B76AA786-4B40-9676-4011-CF2DA96B6A48" value="true"/>
</engineerTo>
<pk>true</pk>
<usedAttributes>
<attributeRef>848ADC16-C8AE-9266-F7C5-3B0DA434E402</attributeRef>
<attributeRef>578A512B-081A-03B6-FA5D-D3BA12F79AAC</attributeRef>
</usedAttributes>
</identifier>
</identifiers>
</Entity>