<?xml version = '1.0' encoding = 'UTF-8'?>
<Entity class="oracle.dbtools.crest.model.design.logical.Entity" directorySegmentName="seg_0" id="52FB500F-33B6-A15E-1732-E0438B075B59" name="T_GASTO">
<createdBy>Dell</createdBy>
<createdTime>2022-05-18 15:11:19 UTC</createdTime>
<ownerDesignName>Fintech_GabriellaFujita_RM95616</ownerDesignName>
<engineerTo>
<item key="B76AA786-4B40-9676-4011-CF2DA96B6A48" value="true"/>
</engineerTo>
<adequatelyNormalized>NO</adequatelyNormalized>
<expectedVolumes>0</expectedVolumes>
<fwdEngineeringStrategyName>Single Table</fwdEngineeringStrategyName>
<growthPercent>0</growthPercent>
<growthType>Year</growthType>
<maxVolumes>9999999</maxVolumes>
<minVolumes>0</minVolumes>
<normalForm>Third</normalForm>
<attributes itemClass="oracle.dbtools.crest.model.design.logical.Attribute">
<Attribute name="cd_conta" id="72F03442-EF58-BDD0-4ABF-A6E8C23F8D1D">
<createdBy>Dell</createdBy>
<createdTime>2022-05-18 15:31:15 UTC</createdTime>
<generatorID>559240F1-7C2B-4E49-794B-0E0248EC0158</generatorID>
<ownerDesignName>Fintech_GabriellaFujita_RM95616</ownerDesignName>
<engineerTo>
<item key="B76AA786-4B40-9676-4011-CF2DA96B6A48" value="true"/>
</engineerTo>
<referedAttribute>C47E4945-7E4A-6CBA-1B6D-1E575E918607</referedAttribute>
<useDomainConstraints>false</useDomainConstraints>
<use>1</use>
<logicalDatatype>LOGDT019</logicalDatatype>
<dataTypePrecision>9</dataTypePrecision>
<ownDataTypeParameters>,,</ownDataTypeParameters>
</Attribute>
<Attribute name="cd_pessoa" id="7D951F55-0AFC-51AB-9A3A-FC3CA6BAAAFB">
<createdBy>Dell</createdBy>
<createdTime>2022-05-22 19:13:33 UTC</createdTime>
<generatorID>559240F1-7C2B-4E49-794B-0E0248EC0158</generatorID>
<ownerDesignName>Fintech_GabriellaFujita_RM95616</ownerDesignName>
<engineerTo>
<item key="B76AA786-4B40-9676-4011-CF2DA96B6A48" value="true"/>
</engineerTo>
<referedAttribute>6EF5C0B6-B26B-6E5B-9129-E7D2798A887B</referedAttribute>
<useDomainConstraints>false</useDomainConstraints>
<use>1</use>
<logicalDatatype>LOGDT019</logicalDatatype>
<dataTypePrecision>6</dataTypePrecision>
<ownDataTypeParameters>,,</ownDataTypeParameters>
</Attribute>
<Attribute name="vl_gasto_saldo" id="E95B7A47-FB1B-450D-D5C9-D7E9576009CD">
<createdBy>Dell</createdBy>
<createdTime>2022-05-18 15:12:35 UTC</createdTime>
<ownerDesignName>Fintech_GabriellaFujita_RM95616</ownerDesignName>
<engineerTo>
<item key="B76AA786-4B40-9676-4011-CF2DA96B6A48" value="true"/>
</engineerTo>
<useDomainConstraints>false</useDomainConstraints>
<use>1</use>
<logicalDatatype>LOGDT019</logicalDatatype>
<dataTypePrecision>11</dataTypePrecision>
<dataTypeScale>2</dataTypeScale>
<ownDataTypeParameters>,11,2</ownDataTypeParameters>
</Attribute>
<Attribute name="vl_gasto_meta" id="76C05A56-AF18-D961-1B17-42D929E6C8BB">
<createdBy>Dell</createdBy>
<createdTime>2022-05-18 15:13:09 UTC</createdTime>
<ownerDesignName>Fintech_GabriellaFujita_RM95616</ownerDesignName>
<engineerTo>
<item key="B76AA786-4B40-9676-4011-CF2DA96B6A48" value="true"/>
</engineerTo>
<nullsAllowed>true</nullsAllowed>
<useDomainConstraints>false</useDomainConstraints>
<use>1</use>
<logicalDatatype>LOGDT019</logicalDatatype>
<dataTypePrecision>11</dataTypePrecision>
<dataTypeScale>2</dataTypeScale>
<ownDataTypeParameters>,11,2</ownDataTypeParameters>
</Attribute>
</attributes>
<identifiers itemClass="oracle.dbtools.crest.model.design.logical.CandidateKey">
<identifier id="4556E794-8514-D8BB-7267-2035D77CAD0D" name="T_GASTO PK">
<createdBy>Dell</createdBy>
<createdTime>2022-05-18 15:12:23 UTC</createdTime>
<ownerDesignName>Fintech_GabriellaFujita_RM95616</ownerDesignName>
<engineerTo>
<item key="B76AA786-4B40-9676-4011-CF2DA96B6A48" value="true"/>
</engineerTo>
<pk>true</pk>
<usedAttributes>
<attributeRef>72F03442-EF58-BDD0-4ABF-A6E8C23F8D1D</attributeRef>
<attributeRef>7D951F55-0AFC-51AB-9A3A-FC3CA6BAAAFB</attributeRef>
</usedAttributes>
</identifier>
</identifiers>
</Entity>