<?xml version = '1.0' encoding = 'UTF-8'?>
<Entity class="oracle.dbtools.crest.model.design.logical.Entity" directorySegmentName="seg_0" id="A7C83D4A-7E37-DA3D-23C7-DE0BC7EF0A8A" name="T_META_MES">
<createdBy>Dell</createdBy>
<createdTime>2022-05-18 15:13:34 UTC</createdTime>
<ownerDesignName>Fintech_GabriellaFujita_RM95616</ownerDesignName>
<engineerTo>
<item key="816FAC63-C50D-C9E9-BFF1-7DECD310A545" value="true"/>
</engineerTo>
<adequatelyNormalized>NO</adequatelyNormalized>
<expectedVolumes>0</expectedVolumes>
<fwdEngineeringStrategyName>Single Table</fwdEngineeringStrategyName>
<growthPercent>0</growthPercent>
<growthType>Year</growthType>
<maxVolumes>9999999</maxVolumes>
<minVolumes>0</minVolumes>
<normalForm>Third</normalForm>
<attributes itemClass="oracle.dbtools.crest.model.design.logical.Attribute">
<Attribute name="cd_meta" id="912B691A-9590-59FF-C5DB-CA58524543D6">
<createdBy>Dell</createdBy>
<createdTime>2022-05-18 15:13:38 UTC</createdTime>
<ownerDesignName>Fintech_GabriellaFujita_RM95616</ownerDesignName>
<engineerTo>
<item key="816FAC63-C50D-C9E9-BFF1-7DECD310A545" value="true"/>
</engineerTo>
<useDomainConstraints>false</useDomainConstraints>
<use>1</use>
<logicalDatatype>LOGDT019</logicalDatatype>
<dataTypePrecision>2</dataTypePrecision>
<ownDataTypeParameters>,2,</ownDataTypeParameters>
</Attribute>
<Attribute name="cd_pessoa" id="8A85923C-CD91-B9EB-BE29-1658D0630FC7">
<createdBy>Dell</createdBy>
<createdTime>2022-05-18 15:23:20 UTC</createdTime>
<generatorID>A36D665C-9A6C-CC5D-2F3D-7680058EA8F5</generatorID>
<ownerDesignName>Fintech_GabriellaFujita_RM95616</ownerDesignName>
<engineerTo>
<item key="816FAC63-C50D-C9E9-BFF1-7DECD310A545" value="true"/>
</engineerTo>
<referedAttribute>30621AE1-B32F-50CA-D329-E409C98A37B1</referedAttribute>
<useDomainConstraints>false</useDomainConstraints>
<use>1</use>
<logicalDatatype>LOGDT019</logicalDatatype>
<dataTypePrecision>7</dataTypePrecision>
<ownDataTypeParameters>,,</ownDataTypeParameters>
</Attribute>
<Attribute name="dt_meta_criacao" id="E0D6A620-B990-4983-6669-7E5904A1C56C">
<createdBy>Dell</createdBy>
<createdTime>2022-05-18 15:14:28 UTC</createdTime>
<ownerDesignName>Fintech_GabriellaFujita_RM95616</ownerDesignName>
<engineerTo>
<item key="816FAC63-C50D-C9E9-BFF1-7DECD310A545" value="true"/>
</engineerTo>
<useDomainConstraints>false</useDomainConstraints>
<use>1</use>
<logicalDatatype>LOGDT007</logicalDatatype>
<ownDataTypeParameters>,,</ownDataTypeParameters>
</Attribute>
<Attribute name="dt_meta_final" id="862D112B-97DC-4997-EF34-E0E23B9EF59A">
<createdBy>Dell</createdBy>
<createdTime>2022-05-18 15:15:05 UTC</createdTime>
<ownerDesignName>Fintech_GabriellaFujita_RM95616</ownerDesignName>
<engineerTo>
<item key="816FAC63-C50D-C9E9-BFF1-7DECD310A545" value="true"/>
</engineerTo>
<useDomainConstraints>false</useDomainConstraints>
<use>1</use>
<logicalDatatype>LOGDT007</logicalDatatype>
<ownDataTypeParameters>,,</ownDataTypeParameters>
</Attribute>
<Attribute name="vl_meta" id="67466C8B-9E4C-EBB8-F634-100296B84A85">
<createdBy>Dell</createdBy>
<createdTime>2022-05-18 15:14:46 UTC</createdTime>
<ownerDesignName>Fintech_GabriellaFujita_RM95616</ownerDesignName>
<engineerTo>
<item key="816FAC63-C50D-C9E9-BFF1-7DECD310A545" value="true"/>
</engineerTo>
<useDomainConstraints>false</useDomainConstraints>
<use>1</use>
<logicalDatatype>LOGDT019</logicalDatatype>
<dataTypePrecision>11</dataTypePrecision>
<dataTypeScale>2</dataTypeScale>
<ownDataTypeParameters>,11,2</ownDataTypeParameters>
</Attribute>
</attributes>
<identifiers itemClass="oracle.dbtools.crest.model.design.logical.CandidateKey">
<identifier id="5EF63D24-3A65-C4F7-86C5-8B84A92346C2" name="T_META_MES PK">
<createdBy>Dell</createdBy>
<createdTime>2022-05-18 15:15:32 UTC</createdTime>
<ownerDesignName>Fintech_GabriellaFujita_RM95616</ownerDesignName>
<engineerTo>
<item key="816FAC63-C50D-C9E9-BFF1-7DECD310A545" value="true"/>
</engineerTo>
<pk>true</pk>
<usedAttributes>
<attributeRef>912B691A-9590-59FF-C5DB-CA58524543D6</attributeRef>
<attributeRef>8A85923C-CD91-B9EB-BE29-1658D0630FC7</attributeRef>
</usedAttributes>
</identifier>
</identifiers>
</Entity>