<?xml version = '1.0' encoding = 'UTF-8'?>
<Entity class="oracle.dbtools.crest.model.design.logical.Entity" directorySegmentName="seg_0" id="AB460044-BF41-D200-95CD-588AAF1ECCCB" name="T_PESSOA">
<createdBy>Dell</createdBy>
<createdTime>2022-05-18 14:54:08 UTC</createdTime>
<ownerDesignName>Fintech_GabriellaFujita_RM95616</ownerDesignName>
<engineerTo>
<item key="B76AA786-4B40-9676-4011-CF2DA96B6A48" value="true"/>
</engineerTo>
<adequatelyNormalized>NO</adequatelyNormalized>
<expectedVolumes>0</expectedVolumes>
<fwdEngineeringStrategyName>Single Table</fwdEngineeringStrategyName>
<growthPercent>0</growthPercent>
<growthType>Year</growthType>
<maxVolumes>9999999</maxVolumes>
<minVolumes>0</minVolumes>
<normalForm>Third</normalForm>
<attributes itemClass="oracle.dbtools.crest.model.design.logical.Attribute">
<Attribute name="cd_pessoa" id="30621AE1-B32F-50CA-D329-E409C98A37B1">
<createdBy>Dell</createdBy>
<createdTime>2022-05-18 14:54:21 UTC</createdTime>
<ownerDesignName>Fintech_GabriellaFujita_RM95616</ownerDesignName>
<engineerTo>
<item key="B76AA786-4B40-9676-4011-CF2DA96B6A48" value="true"/>
</engineerTo>
<useDomainConstraints>false</useDomainConstraints>
<use>1</use>
<logicalDatatype>LOGDT019</logicalDatatype>
<dataTypePrecision>6</dataTypePrecision>
<ownDataTypeParameters>,6,</ownDataTypeParameters>
</Attribute>
<Attribute name="nm_pessoa" id="5BD46F74-ACEA-9CC4-3056-9E4AF5A4DC32">
<createdBy>Dell</createdBy>
<createdTime>2022-05-18 14:55:07 UTC</createdTime>
<ownerDesignName>Fintech_GabriellaFujita_RM95616</ownerDesignName>
<engineerTo>
<item key="B76AA786-4B40-9676-4011-CF2DA96B6A48" value="true"/>
</engineerTo>
<useDomainConstraints>false</useDomainConstraints>
<use>1</use>
<logicalDatatype>LOGDT024</logicalDatatype>
<dataTypeSize>50</dataTypeSize>
<ownDataTypeParameters>50,,</ownDataTypeParameters>
</Attribute>
<Attribute name="dt_nascimento" id="BD0EA878-EB15-96AB-938B-F1FB8F7D864C">
<createdBy>Dell</createdBy>
<createdTime>2022-05-18 14:56:47 UTC</createdTime>
<ownerDesignName>Fintech_GabriellaFujita_RM95616</ownerDesignName>
<engineerTo>
<item key="B76AA786-4B40-9676-4011-CF2DA96B6A48" value="true"/>
</engineerTo>
<useDomainConstraints>false</useDomainConstraints>
<use>1</use>
<logicalDatatype>LOGDT007</logicalDatatype>
<ownDataTypeParameters>,,</ownDataTypeParameters>
</Attribute>
<Attribute name="ds_email" id="488D3F7C-27A1-C6F4-8B90-ADE0916BE4A3">
<createdBy>Dell</createdBy>
<createdTime>2022-05-18 14:58:43 UTC</createdTime>
<ownerDesignName>Fintech_GabriellaFujita_RM95616</ownerDesignName>
<engineerTo>
<item key="B76AA786-4B40-9676-4011-CF2DA96B6A48" value="true"/>
</engineerTo>
<useDomainConstraints>false</useDomainConstraints>
<use>1</use>
<logicalDatatype>LOGDT024</logicalDatatype>
<dataTypeSize>40</dataTypeSize>
<ownDataTypeParameters>40,,</ownDataTypeParameters>
</Attribute>
</attributes>
<identifiers itemClass="oracle.dbtools.crest.model.design.logical.CandidateKey">
<identifier id="AA4890EE-9355-519E-BEF8-9E2E54C97E3A" name="T_PESSOA PK">
<createdBy>Dell</createdBy>
<createdTime>2022-05-18 14:54:38 UTC</createdTime>
<ownerDesignName>Fintech_GabriellaFujita_RM95616</ownerDesignName>
<engineerTo>
<item key="B76AA786-4B40-9676-4011-CF2DA96B6A48" value="true"/>
</engineerTo>
<pk>true</pk>
<usedAttributes>
<attributeRef>30621AE1-B32F-50CA-D329-E409C98A37B1</attributeRef>
</usedAttributes>
</identifier>
</identifiers>
</Entity>