<?xml version = '1.0' encoding = 'UTF-8'?>
<Entity class="oracle.dbtools.crest.model.design.logical.Entity" directorySegmentName="seg_0" id="CA391B90-9EB3-4AEA-665A-0E4BF55C4D1F" name="T_CONTA">
<createdBy>Dell</createdBy>
<createdTime>2022-05-18 15:25:17 UTC</createdTime>
<ownerDesignName>Fintech_GabriellaFujita_RM95616</ownerDesignName>
<engineerTo>
<item key="B76AA786-4B40-9676-4011-CF2DA96B6A48" value="true"/>
</engineerTo>
<adequatelyNormalized>NO</adequatelyNormalized>
<expectedVolumes>0</expectedVolumes>
<fwdEngineeringStrategyName>Single Table</fwdEngineeringStrategyName>
<growthPercent>0</growthPercent>
<growthType>Year</growthType>
<maxVolumes>9999999</maxVolumes>
<minVolumes>0</minVolumes>
<normalForm>Third</normalForm>
<attributes itemClass="oracle.dbtools.crest.model.design.logical.Attribute">
<Attribute name="cd_conta" id="C47E4945-7E4A-6CBA-1B6D-1E575E918607">
<createdBy>Dell</createdBy>
<createdTime>2022-05-18 15:25:24 UTC</createdTime>
<ownerDesignName>Fintech_GabriellaFujita_RM95616</ownerDesignName>
<engineerTo>
<item key="B76AA786-4B40-9676-4011-CF2DA96B6A48" value="true"/>
</engineerTo>
<useDomainConstraints>false</useDomainConstraints>
<use>1</use>
<logicalDatatype>LOGDT019</logicalDatatype>
<dataTypePrecision>9</dataTypePrecision>
<ownDataTypeParameters>,9,</ownDataTypeParameters>
</Attribute>
<Attribute name="cd_pessoa" id="6EF5C0B6-B26B-6E5B-9129-E7D2798A887B">
<createdBy>Dell</createdBy>
<createdTime>2022-05-18 16:29:29 UTC</createdTime>
<generatorID>65340309-1CC2-85FD-B47C-C79AF351EDE1</generatorID>
<ownerDesignName>Fintech_GabriellaFujita_RM95616</ownerDesignName>
<engineerTo>
<item key="B76AA786-4B40-9676-4011-CF2DA96B6A48" value="true"/>
</engineerTo>
<referedAttribute>30621AE1-B32F-50CA-D329-E409C98A37B1</referedAttribute>
<useDomainConstraints>false</useDomainConstraints>
<use>1</use>
<logicalDatatype>LOGDT019</logicalDatatype>
<dataTypePrecision>6</dataTypePrecision>
<ownDataTypeParameters>,,</ownDataTypeParameters>
</Attribute>
<Attribute name="nm_conta" id="B6A73A92-A925-2C2C-0858-7FF3FFBD0076">
<createdBy>Dell</createdBy>
<createdTime>2022-05-18 15:25:38 UTC</createdTime>
<ownerDesignName>Fintech_GabriellaFujita_RM95616</ownerDesignName>
<engineerTo>
<item key="B76AA786-4B40-9676-4011-CF2DA96B6A48" value="true"/>
</engineerTo>
<useDomainConstraints>false</useDomainConstraints>
<use>1</use>
<logicalDatatype>LOGDT024</logicalDatatype>
<dataTypeSize>20</dataTypeSize>
<ownDataTypeParameters>20,,</ownDataTypeParameters>
</Attribute>
<Attribute name="ds_tipo_conta" id="5C550447-B314-5D62-4E93-603CEF04B793">
<createdBy>Dell</createdBy>
<createdTime>2022-05-22 19:31:19 UTC</createdTime>
<ownerDesignName>Fintech_GabriellaFujita_RM95616</ownerDesignName>
<engineerTo>
<item key="B76AA786-4B40-9676-4011-CF2DA96B6A48" value="true"/>
</engineerTo>
<nullsAllowed>true</nullsAllowed>
<useDomainConstraints>false</useDomainConstraints>
<use>1</use>
<logicalDatatype>LOGDT024</logicalDatatype>
<dataTypeSize>10</dataTypeSize>
<ownDataTypeParameters>10,,</ownDataTypeParameters>
</Attribute>
</attributes>
<identifiers itemClass="oracle.dbtools.crest.model.design.logical.CandidateKey">
<identifier id="5A8ADB00-F782-ADE6-6B57-273DDF20F2DB" name="T_CONTA PK">
<createdBy>Dell</createdBy>
<createdTime>2022-05-18 15:25:37 UTC</createdTime>
<ownerDesignName>Fintech_GabriellaFujita_RM95616</ownerDesignName>
<engineerTo>
<item key="B76AA786-4B40-9676-4011-CF2DA96B6A48" value="true"/>
</engineerTo>
<pk>true</pk>
<usedAttributes>
<attributeRef>C47E4945-7E4A-6CBA-1B6D-1E575E918607</attributeRef>
<attributeRef>6EF5C0B6-B26B-6E5B-9129-E7D2798A887B</attributeRef>
</usedAttributes>
</identifier>
</identifiers>
</Entity>