<?xml version = '1.0' encoding = 'UTF-8'?>
<Entity class="oracle.dbtools.crest.model.design.logical.Entity" directorySegmentName="seg_0" id="EFA635E0-B6CA-62C8-8E1E-814317E5E0F8" name="T_TRANSACAO">
<createdBy>Dell</createdBy>
<createdTime>2022-05-18 15:05:28 UTC</createdTime>
<ownerDesignName>Fintech_GabriellaFujita_RM95616</ownerDesignName>
<engineerTo>
<item key="B76AA786-4B40-9676-4011-CF2DA96B6A48" value="true"/>
</engineerTo>
<adequatelyNormalized>NO</adequatelyNormalized>
<expectedVolumes>0</expectedVolumes>
<fwdEngineeringStrategyName>Single Table</fwdEngineeringStrategyName>
<growthPercent>0</growthPercent>
<growthType>Year</growthType>
<maxVolumes>9999999</maxVolumes>
<minVolumes>0</minVolumes>
<normalForm>Third</normalForm>
<attributes itemClass="oracle.dbtools.crest.model.design.logical.Attribute">
<Attribute name="cd_transacao" id="8480059B-5B53-FF64-8C0A-63D6D918F741">
<createdBy>Dell</createdBy>
<createdTime>2022-05-18 15:36:14 UTC</createdTime>
<ownerDesignName>Fintech_GabriellaFujita_RM95616</ownerDesignName>
<engineerTo>
<item key="B76AA786-4B40-9676-4011-CF2DA96B6A48" value="true"/>
</engineerTo>
<useDomainConstraints>false</useDomainConstraints>
<use>1</use>
<logicalDatatype>LOGDT019</logicalDatatype>
<dataTypePrecision>11</dataTypePrecision>
<ownDataTypeParameters>,11,</ownDataTypeParameters>
</Attribute>
<Attribute name="cd_conta" id="DCC2CA60-CC66-C129-66D3-4C9B1279AC10">
<createdBy>Dell</createdBy>
<createdTime>2022-05-18 15:32:52 UTC</createdTime>
<generatorID>144007A3-30BD-C3D6-6F68-8F741071220F</generatorID>
<ownerDesignName>Fintech_GabriellaFujita_RM95616</ownerDesignName>
<engineerTo>
<item key="B76AA786-4B40-9676-4011-CF2DA96B6A48" value="true"/>
</engineerTo>
<referedAttribute>C47E4945-7E4A-6CBA-1B6D-1E575E918607</referedAttribute>
<useDomainConstraints>false</useDomainConstraints>
<use>1</use>
<logicalDatatype>LOGDT019</logicalDatatype>
<dataTypePrecision>9</dataTypePrecision>
<ownDataTypeParameters>,9,</ownDataTypeParameters>
</Attribute>
<Attribute name="cd_pessoa" id="E7D27E8F-F395-E4B8-CD6B-A628C4E602E6">
<createdBy>Dell</createdBy>
<createdTime>2022-05-22 19:13:33 UTC</createdTime>
<generatorID>144007A3-30BD-C3D6-6F68-8F741071220F</generatorID>
<ownerDesignName>Fintech_GabriellaFujita_RM95616</ownerDesignName>
<engineerTo>
<item key="B76AA786-4B40-9676-4011-CF2DA96B6A48" value="true"/>
</engineerTo>
<referedAttribute>6EF5C0B6-B26B-6E5B-9129-E7D2798A887B</referedAttribute>
<useDomainConstraints>false</useDomainConstraints>
<use>1</use>
<logicalDatatype>LOGDT019</logicalDatatype>
<dataTypePrecision>6</dataTypePrecision>
<ownDataTypeParameters>,,</ownDataTypeParameters>
</Attribute>
<Attribute name="vl_transacao" id="C6741493-42AC-46D0-6459-36D17574B71A">
<createdBy>Dell</createdBy>
<createdTime>2022-05-18 15:05:36 UTC</createdTime>
<ownerDesignName>Fintech_GabriellaFujita_RM95616</ownerDesignName>
<engineerTo>
<item key="B76AA786-4B40-9676-4011-CF2DA96B6A48" value="true"/>
</engineerTo>
<useDomainConstraints>false</useDomainConstraints>
<use>1</use>
<logicalDatatype>LOGDT019</logicalDatatype>
<dataTypePrecision>6</dataTypePrecision>
<dataTypeScale>2</dataTypeScale>
<ownDataTypeParameters>,6,2</ownDataTypeParameters>
</Attribute>
<Attribute name="dt_transacao" id="232DACF7-6F9E-448C-6B3D-BC6634D82A16">
<createdBy>Dell</createdBy>
<createdTime>2022-05-18 15:06:39 UTC</createdTime>
<ownerDesignName>Fintech_GabriellaFujita_RM95616</ownerDesignName>
<engineerTo>
<item key="B76AA786-4B40-9676-4011-CF2DA96B6A48" value="true"/>
</engineerTo>
<useDomainConstraints>false</useDomainConstraints>
<use>1</use>
<logicalDatatype>LOGDT008</logicalDatatype>
<ownDataTypeParameters>,,</ownDataTypeParameters>
</Attribute>
</attributes>
<identifiers itemClass="oracle.dbtools.crest.model.design.logical.CandidateKey">
<identifier id="83843FD3-853C-4411-117B-5A99BEA2524F" name="T_TRANSACAO PK">
<createdBy>Dell</createdBy>
<createdTime>2022-05-18 15:24:26 UTC</createdTime>
<ownerDesignName>Fintech_GabriellaFujita_RM95616</ownerDesignName>
<engineerTo>
<item key="B76AA786-4B40-9676-4011-CF2DA96B6A48" value="true"/>
</engineerTo>
<pk>true</pk>
<usedAttributes>
<attributeRef>8480059B-5B53-FF64-8C0A-63D6D918F741</attributeRef>
</usedAttributes>
</identifier>
</identifiers>
</Entity>