<?xml version = '1.0' encoding = 'UTF-8'?>
<Diagram class="oracle.dbtools.crest.swingui.relational.DPVRelational" name="Relational_1" id="2FD47619-44F8-719F-37B2-5D60E45A7BEA">
<createdBy>Dell</createdBy>
<modifiedBy>Dell</modifiedBy>
<createdTime>2022-05-22 19:32:32 UTC</createdTime>
<autoRoute>false</autoRoute>
<boxInbox>true</boxInbox>
<showLegend>false</showLegend>
<showLabels>false</showLabels>
<showRelAttributes>false</showRelAttributes>
<gridEnabled>false</gridEnabled>
<showGrid>false</showGrid>
<diagramColor>-1</diagramColor>
<display>false</display>
<notation>1</notation>
<objectViews>
<OView class="oracle.dbtools.crest.swingui.relational.TVTable" oid="3AABBC55-C949-B25B-5404-9D37C8F8BFD0" otype="Table" vid="E5452381-12D4-7C62-0575-CD9AFB1DCD36">
<hideElementsInCurrentOnly>false</hideElementsInCurrentOnly>
<bounds x="65" y="93" width="208" height="119"/>
</OView>
<OView class="oracle.dbtools.crest.swingui.relational.TVTable" oid="4A1C6459-BE6E-C218-CB70-191F19B2F9C4" otype="Table" vid="83CE6BB9-CDD5-3CB2-6255-F55ABD2ADE4E">
<hideElementsInCurrentOnly>false</hideElementsInCurrentOnly>
<bounds x="614" y="85" width="285" height="126"/>
</OView>
<OView class="oracle.dbtools.crest.swingui.relational.TVTable" oid="93796C74-37BD-B06C-0266-66E74619279A" otype="Table" vid="1A712CD7-E527-DAEE-5FCC-B1809B90E14C">
<hideElementsInCurrentOnly>false</hideElementsInCurrentOnly>
<bounds x="806" y="347" width="372" height="124"/>
</OView>
<OView class="oracle.dbtools.crest.swingui.relational.TVTable" oid="D3E2868C-CB36-D4EB-6C54-32811ECFF188" otype="Table" vid="CEB37DA7-9ED4-68E8-F165-C1551694F98C">
<hideElementsInCurrentOnly>false</hideElementsInCurrentOnly>
<bounds x="384" y="343" width="377" height="129"/>
</OView>
<OView class="oracle.dbtools.crest.swingui.relational.TVTable" oid="DE15F5DA-BC8B-3FBF-E476-12CB0316580D" otype="Table" vid="89D7A83A-62B5-FEE0-1CA3-0D0FE9A8DE71">
<hideElementsInCurrentOnly>false</hideElementsInCurrentOnly>
<bounds x="50" y="341" width="307" height="139"/>
</OView>
<OView class="oracle.dbtools.crest.swingui.relational.TVTable" oid="F181484D-7707-6A53-FCC8-758A604992FE" otype="Table" vid="A6391C0B-A0F5-9AEB-FCD9-2077111BF654">
<hideElementsInCurrentOnly>false</hideElementsInCurrentOnly>
<bounds x="1027" y="83" width="406" height="140"/>
</OView>
</objectViews>
<connectors>
<Connector class="oracle.dbtools.crest.swingui.relational.TVFKRelation" oid="0DF8C461-6A9B-D8C9-D049-AADBF1BAB126" otype="FKIndexAssociation" vid_source="83CE6BB9-CDD5-3CB2-6255-F55ABD2ADE4E" vid_target="A6391C0B-A0F5-9AEB-FCD9-2077111BF654">
<hideElementsInCurrentOnly>false</hideElementsInCurrentOnly>
<backgroundColor>-16777216</backgroundColor>
<lineWidth>1</lineWidth>
<points>
<point x="899" y="163"/>
<point x="1027" y="163"/>
</points>
</Connector>
<Connector class="oracle.dbtools.crest.swingui.relational.TVFKRelation" oid="82F6CAB7-A372-AE5C-C89C-A422F37E1FF1" otype="FKIndexAssociation" vid_source="E5452381-12D4-7C62-0575-CD9AFB1DCD36" vid_target="89D7A83A-62B5-FEE0-1CA3-0D0FE9A8DE71">
<hideElementsInCurrentOnly>false</hideElementsInCurrentOnly>
<backgroundColor>-16777216</backgroundColor>
<lineWidth>1</lineWidth>
<points>
<point x="184" y="212"/>
<point x="184" y="341"/>
</points>
</Connector>
<Connector class="oracle.dbtools.crest.swingui.relational.TVFKRelation" oid="8C529F73-78E7-1703-B621-B95466E2D5DB" otype="FKIndexAssociation" vid_source="83CE6BB9-CDD5-3CB2-6255-F55ABD2ADE4E" vid_target="CEB37DA7-9ED4-68E8-F165-C1551694F98C">
<hideElementsInCurrentOnly>false</hideElementsInCurrentOnly>
<backgroundColor>-16777216</backgroundColor>
<lineWidth>1</lineWidth>
<points>
<point x="687" y="211"/>
<point x="687" y="343"/>
</points>
</Connector>
<Connector class="oracle.dbtools.crest.swingui.relational.TVFKRelation" oid="9C8F0937-68B9-91CE-8D2B-875176995A15" otype="FKIndexAssociation" vid_source="83CE6BB9-CDD5-3CB2-6255-F55ABD2ADE4E" vid_target="1A712CD7-E527-DAEE-5FCC-B1809B90E14C">
<hideElementsInCurrentOnly>false</hideElementsInCurrentOnly>
<backgroundColor>-16777216</backgroundColor>
<lineWidth>1</lineWidth>
<points>
<point x="852" y="211"/>
<point x="852" y="347"/>
</points>
</Connector>
<Connector class="oracle.dbtools.crest.swingui.relational.TVFKRelation" oid="D2A3752F-5ED0-9DF0-1078-E50FD9D35FFD" otype="FKIndexAssociation" vid_source="E5452381-12D4-7C62-0575-CD9AFB1DCD36" vid_target="83CE6BB9-CDD5-3CB2-6255-F55ABD2ADE4E">
<hideElementsInCurrentOnly>false</hideElementsInCurrentOnly>
<backgroundColor>-16777216</backgroundColor>
<lineWidth>1</lineWidth>
<points>
<point x="273" y="167"/>
<point x="614" y="167"/>
</points>
</Connector>
</connectors>
<arcs>
<Arc class="oracle.dbtools.crest.swingui.relational.TVFKArc" oid="1AF5841C-9215-21F2-9914-45852D6ABB06" otype="FKArc" vid="4396FBE4-4AB3-045B-1ED0-0FC39DE3DF45">
<hideElementsInCurrentOnly>false</hideElementsInCurrentOnly>
<bounds x="594" y="65" width="325" height="166"/>
</Arc>
</arcs>
</Diagram>