<?xml version = '1.0' encoding = 'UTF-8'?>
<FKIndexAssociation class="oracle.dbtools.crest.model.design.relational.FKIndexAssociation" directorySegmentName="seg_0" id="0DF8C461-6A9B-D8C9-D049-AADBF1BAB126" containerWithKeyObject="F181484D-7707-6A53-FCC8-758A604992FE" localFKIndex="FCD5AD33-3050-35AC-3CE2-0B1DEF270C72" name="T_TRANSACAO_T_CONTA_FK">
<createdBy>Dell</createdBy>
<createdTime>2022-05-22 19:32:32 UTC</createdTime>
<generatorID>144007A3-30BD-C3D6-6F68-8F741071220F</generatorID>
<ownerDesignName>Fintech_GabriellaFujita_RM95616</ownerDesignName>
<referredTableLongName>T_CONTA</referredTableLongName>
<deleteRule>NO ACTION</deleteRule>
<referredTableID>4A1C6459-BE6E-C218-CB70-191F19B2F9C4</referredTableID>
<keyObject>5AF40388-9077-8DB2-183F-3B946917EA89</keyObject>
<referredKeyID>5AF40388-9077-8DB2-183F-3B946917EA89</referredKeyID>
<mandatory>true</mandatory>
<refColNames>cd_conta,T_PESSOA_cd_pessoa</refColNames>
<transferable>true</transferable>
<rely>false</rely>
<columnDependencyConstraintGenerateInDDL>true</columnDependencyConstraintGenerateInDDL>
</FKIndexAssociation>