<?xml version = '1.0' encoding = 'UTF-8'?>
<FKIndexAssociation class="oracle.dbtools.crest.model.design.relational.FKIndexAssociation" directorySegmentName="seg_0" id="82F6CAB7-A372-AE5C-C89C-A422F37E1FF1" containerWithKeyObject="DE15F5DA-BC8B-3FBF-E476-12CB0316580D" localFKIndex="2FA59230-B0F2-7EE9-FE0B-62A7D19AD2B1" name="T_META_MES_T_PESSOA_FK">
<createdBy>Dell</createdBy>
<createdTime>2022-05-22 19:32:32 UTC</createdTime>
<generatorID>A36D665C-9A6C-CC5D-2F3D-7680058EA8F5</generatorID>
<ownerDesignName>Fintech_GabriellaFujita_RM95616</ownerDesignName>
<referredTableLongName>T_PESSOA</referredTableLongName>
<deleteRule>NO ACTION</deleteRule>
<referredTableID>3AABBC55-C949-B25B-5404-9D37C8F8BFD0</referredTableID>
<keyObject>A1F6899D-8E21-5AB4-CD26-5C7F4B41FB69</keyObject>
<referredKeyID>A1F6899D-8E21-5AB4-CD26-5C7F4B41FB69</referredKeyID>
<mandatory>true</mandatory>
<refColNames>cd_pessoa</refColNames>
<transferable>true</transferable>
<rely>false</rely>
<columnDependencyConstraintGenerateInDDL>true</columnDependencyConstraintGenerateInDDL>
</FKIndexAssociation>