<?xml version = '1.0' encoding = 'UTF-8'?>
<FKIndexAssociation class="oracle.dbtools.crest.model.design.relational.FKIndexAssociation" directorySegmentName="seg_0" id="8C529F73-78E7-1703-B621-B95466E2D5DB" containerWithKeyObject="D3E2868C-CB36-D4EB-6C54-32811ECFF188" localFKIndex="F2606A36-E129-B3F7-297F-43AE3AF0D36C" name="T_RECEITA_T_CONTA_FK">
<createdBy>Dell</createdBy>
<createdTime>2022-05-22 19:32:32 UTC</createdTime>
<generatorID>899E2940-9E9A-E43C-9DD8-96D36DFB617D</generatorID>
<ownerDesignName>Fintech_GabriellaFujita_RM95616</ownerDesignName>
<referredTableLongName>T_CONTA</referredTableLongName>
<arc>1AF5841C-9215-21F2-9914-45852D6ABB06</arc>
<deleteRule>NO ACTION</deleteRule>
<referredTableID>4A1C6459-BE6E-C218-CB70-191F19B2F9C4</referredTableID>
<keyObject>5AF40388-9077-8DB2-183F-3B946917EA89</keyObject>
<referredKeyID>5AF40388-9077-8DB2-183F-3B946917EA89</referredKeyID>
<mandatory>true</mandatory>
<refColNames>cd_conta,T_PESSOA_cd_pessoa</refColNames>
<transferable>true</transferable>
<rely>false</rely>
<discriminatorValue>Receita</discriminatorValue>
<columnDependencyConstraintGenerateInDDL>true</columnDependencyConstraintGenerateInDDL>
</FKIndexAssociation>