<?xml version = '1.0' encoding = 'UTF-8'?>
<FKIndexAssociation class="oracle.dbtools.crest.model.design.relational.FKIndexAssociation" directorySegmentName="seg_0" id="9C8F0937-68B9-91CE-8D2B-875176995A15" containerWithKeyObject="93796C74-37BD-B06C-0266-66E74619279A" localFKIndex="58319500-1A0C-23EC-D38F-1E0791B6A3A7" name="T_GASTO_T_CONTA_FK">
<createdBy>Dell</createdBy>
<createdTime>2022-05-22 19:32:32 UTC</createdTime>
<generatorID>559240F1-7C2B-4E49-794B-0E0248EC0158</generatorID>
<ownerDesignName>Fintech_GabriellaFujita_RM95616</ownerDesignName>
<referredTableLongName>T_CONTA</referredTableLongName>
<arc>1AF5841C-9215-21F2-9914-45852D6ABB06</arc>
<deleteRule>NO ACTION</deleteRule>
<referredTableID>4A1C6459-BE6E-C218-CB70-191F19B2F9C4</referredTableID>
<keyObject>5AF40388-9077-8DB2-183F-3B946917EA89</keyObject>
<referredKeyID>5AF40388-9077-8DB2-183F-3B946917EA89</referredKeyID>
<mandatory>true</mandatory>
<refColNames>cd_conta,T_PESSOA_cd_pessoa</refColNames>
<transferable>true</transferable>
<rely>false</rely>
<discriminatorValue>Gasto</discriminatorValue>
<columnDependencyConstraintGenerateInDDL>true</columnDependencyConstraintGenerateInDDL>
</FKIndexAssociation>