<?xml version = '1.0' encoding = 'UTF-8'?>
<FKIndexAssociation class="oracle.dbtools.crest.model.design.relational.FKIndexAssociation" directorySegmentName="seg_0" id="D2A3752F-5ED0-9DF0-1078-E50FD9D35FFD" containerWithKeyObject="4A1C6459-BE6E-C218-CB70-191F19B2F9C4" localFKIndex="F8CE0D49-F2C0-3955-CCDD-3637B18AB38C" name="T_CONTA_T_PESSOA_FK">
<createdBy>Dell</createdBy>
<createdTime>2022-05-22 19:32:32 UTC</createdTime>
<generatorID>65340309-1CC2-85FD-B47C-C79AF351EDE1</generatorID>
<ownerDesignName>Fintech_GabriellaFujita_RM95616</ownerDesignName>
<referredTableLongName>T_PESSOA</referredTableLongName>
<deleteRule>NO ACTION</deleteRule>
<referredTableID>3AABBC55-C949-B25B-5404-9D37C8F8BFD0</referredTableID>
<keyObject>A1F6899D-8E21-5AB4-CD26-5C7F4B41FB69</keyObject>
<referredKeyID>A1F6899D-8E21-5AB4-CD26-5C7F4B41FB69</referredKeyID>
<mandatory>true</mandatory>
<refColNames>cd_pessoa</refColNames>
<transferable>true</transferable>
<rely>false</rely>
<columnDependencyConstraintGenerateInDDL>true</columnDependencyConstraintGenerateInDDL>
</FKIndexAssociation>